200	https://inbeat.agency/ad-testing-services		https://inbeat.agency/ad-testing-services	Ad Testing Services - inBeat Agency
200	https://inbeat.agency/b2b-influencer-marketing-agency		https://inbeat.agency/b2b-influencer-marketing-agency	B2B Influencer Marketing Agency | InBeat
200	https://inbeat.agency/author/ioana-cozma		https://inbeat.agency/author/ioana-cozma	Ioana Cozma | Author | InBeat
200	https://inbeat.agency/author/daniel-cruz		https://inbeat.agency/author/daniel-cruz	Daniel Cruz | Author | InBeat
200	https://inbeat.agency/author/mustafa-alkhtab		https://inbeat.agency/author/mustafa-alkhtab	Mustafa Alkhtab | Author | InBeat
200	https://inbeat.agency/amazon-agency		https://inbeat.agency/amazon-agency	Amazon Agency - inBeat Agency
200	https://inbeat.agency/author/maria-cagliyangil		https://inbeat.agency/author/maria-cagliyangil	Maria Cagliyangil | Author | InBeat
200	https://inbeat.agency/author/david-morneau		https://inbeat.agency/author/david-morneau	David Morneau | Author | InBeat
200	https://inbeat.agency		https://inbeat.agency	inBeat - #1 Creative Growth Agency in North America
200	https://inbeat.agency/blog/3rs-of-influencer-marketing		https://inbeat.agency/blog/3rs-of-influencer-marketing	What Are the 3 R’s of Influencer Marketing? Explained  - inBeat Agency
200	https://inbeat.agency/blog/affiliate-vs-influencer-marketing		https://inbeat.agency/blog/affiliate-vs-influencer-marketing	Affiliate Marketing vs Influencer Marketing: What’s the Difference?  - inBeat Agency
200	https://inbeat.agency/blog/ai-in-influencer-marketing		https://inbeat.agency/blog/ai-in-influencer-marketing	The Use of AI in Influencer Marketing - Key Trends, Tools, and Strategies to Succeed  - inBeat Agency
200	https://inbeat.agency/blog/amazon-advertising-examples		https://inbeat.agency/blog/amazon-advertising-examples	Amazon Advertising Examples That Actually Drive Sales: 12 Real Campaigns, Formats &amp; What Works in 2026  - inBeat Agency
200	https://inbeat.agency/blog/amazon-advertising-strategies		https://inbeat.agency/blog/amazon-advertising-strategies	13 Amazon Advertising Strategies to Dominate Product Search  - inBeat Agency
200	https://inbeat.agency/blog/ai-ugc-ads		https://inbeat.agency/blog/ai-ugc-ads	AI UGC Ads: The Future of Content Creation in Advertising  - inBeat Agency
200	https://inbeat.agency/blog/ai-ugc-ads-vs-real-ugc		https://inbeat.agency/blog/ai-ugc-ads-vs-real-ugc	AI UGC Ads vs Real UGC: What&#x27;s Actually Performing Better in 2026  - inBeat Agency
200	https://inbeat.agency/blog/ab-testing-ugc-ads		https://inbeat.agency/blog/ab-testing-ugc-ads	A/B Testing UGC Ads: Key Elements, Best Practices, and More  - inBeat Agency
200	https://inbeat.agency/blog		https://inbeat.agency/blog	Blog - inBeat Agency
200	https://inbeat.agency/blog/app-marketing-strategies		https://inbeat.agency/blog/app-marketing-strategies	15 Advanced App Marketing Strategies to Propel Your Sales  - inBeat Agency
200	https://inbeat.agency/blog/b2b-saas-marketing-strategies		https://inbeat.agency/blog/b2b-saas-marketing-strategies	19 Winning B2B SaaS Marketing Strategies [That Actually Work]  - inBeat Agency
200	https://inbeat.agency/blog/b2b-vs-b2c-content-marketing		https://inbeat.agency/blog/b2b-vs-b2c-content-marketing	B2B vs. B2C Content Marketing: Key Differences, Strategies, and Goals  - inBeat Agency
200	https://inbeat.agency/blog/best-cpg-marketing-agencies		https://inbeat.agency/blog/best-cpg-marketing-agencies	Choosing a CPG Marketing Agency: 11 Firms Vetted for Real Packaged-Goods Experience  - inBeat Agency
200	https://inbeat.agency/blog/best-ad-hooks		https://inbeat.agency/blog/best-ad-hooks	21 Top-Performing Ad Hooks Tried and Tested by Our Team in 2026  - inBeat Agency
200	https://inbeat.agency/blog/best-digital-marketing-agencies-abu-dhabi		https://inbeat.agency/blog/best-digital-marketing-agencies-abu-dhabi	15 Best Digital Marketing Agencies in Abu Dhabi to Watch in 2025  - inBeat Agency
200	https://inbeat.agency/blog/best-influencer-marketing-agencies-manchester		https://inbeat.agency/blog/best-influencer-marketing-agencies-manchester	Top 31 Influencer Marketing Agencies in Manchester to Explore in 2025  - inBeat Agency
200	https://inbeat.agency/blog/best-digital-marketing-agencies-manchester		https://inbeat.agency/blog/best-digital-marketing-agencies-manchester	Best 15 Digital Marketing Agencies in Manchester - 2026 Rankings  - inBeat Agency
200	https://inbeat.agency/blog/best-paid-social-agencies		https://inbeat.agency/blog/best-paid-social-agencies	Best Paid Social Agencies in 2026: The Procurement-Ready Shortlist  - inBeat Agency
200	https://inbeat.agency/blog/best-instagram-spots-new-york		https://inbeat.agency/blog/best-instagram-spots-new-york	43 Top Instagram Spots in New York to Visit in 2026  - inBeat Agency
200	https://inbeat.agency/blog/best-micro-influencer-marketing-agencies		https://inbeat.agency/blog/best-micro-influencer-marketing-agencies	11 Best Micro-Influencer Marketing Agencies: Small Creators, Big Impact  - inBeat Agency
200	https://inbeat.agency/blog/b2b-digital-marketing-benchmarks-stats		https://inbeat.agency/blog/b2b-digital-marketing-benchmarks-stats	25 B2B Digital Marketing Benchmarks That Help You Plan  - inBeat Agency
200	https://inbeat.agency/blog/best-social-media-agencies-dubai		https://inbeat.agency/blog/best-social-media-agencies-dubai	Best 31 Social Media Agencies in Dubai as of 2025 - Tried and Tested  - inBeat Agency
200	https://inbeat.agency/blog/best-tiktok-shop-agencies		https://inbeat.agency/blog/best-tiktok-shop-agencies	9 Best TikTok Shop Agencies That Are Actual Pros  - inBeat Agency
200	https://inbeat.agency/blog/best-tiktok-ads		https://inbeat.agency/blog/best-tiktok-ads	15 Best TikTok Ads for 2026 That Actually Work (+ Real Results)  - inBeat Agency
200	https://inbeat.agency/blog/brand-partnerships		https://inbeat.agency/blog/brand-partnerships	Brand Partnerships: How to Find, Build, and Scale Powerful Brand Partners  - inBeat Agency
200	https://inbeat.agency/blog/brands-that-mastered-neuromarketing		https://inbeat.agency/blog/brands-that-mastered-neuromarketing	5 Iconic Brands That Mastered Neuromarketing Strategies in 2026  - inBeat Agency
200	https://inbeat.agency/blog/build-lookalike-audiences		https://inbeat.agency/blog/build-lookalike-audiences	7 Steps to Build Lookalike Audiences That Work  - inBeat Agency
200	https://inbeat.agency/blog/chicago-health-marketing		https://inbeat.agency/blog/chicago-health-marketing	Chicago Health Marketing - A Complete Guide  - inBeat Agency
200	https://inbeat.agency/blog/campaign-optimization-techniques		https://inbeat.agency/blog/campaign-optimization-techniques	Campaign Optimization Techniques: Our Complete Guide  - inBeat Agency
200	https://inbeat.agency/blog/california-social-media-statistics		https://inbeat.agency/blog/california-social-media-statistics	California Social Media Statistics (Platform Share, Demographics, and More)  - inBeat Agency
200	https://inbeat.agency/blog/choose-right-ssps-ad-exchanges		https://inbeat.agency/blog/choose-right-ssps-ad-exchanges	How to Choose the Right SSPs and Ad Exchanges  - inBeat Agency
200	https://inbeat.agency/blog/compliance-for-nyc-ads		https://inbeat.agency/blog/compliance-for-nyc-ads	Compliance for NYC Ads: Disclosures, Taxes, and Platform Rules (2026 Guide)  - inBeat Agency
200	https://inbeat.agency/blog/consumer-spending-trends		https://inbeat.agency/blog/consumer-spending-trends	10 Consumer Spending Trends: How Buying Behavior Is Shifting  - inBeat Agency
200	https://inbeat.agency/blog/consumer-spending-statistics		https://inbeat.agency/blog/consumer-spending-statistics	40+ Consumer Spending Statistics: Where and What Are People Buying?   - inBeat Agency
200	https://inbeat.agency/blog/content-creator-vs-influencer		https://inbeat.agency/blog/content-creator-vs-influencer	Content Creator vs. Influencer – Which One is Better for Your Marketing Strategy?  - inBeat Agency
200	https://inbeat.agency/blog/consumer-panel-recruitment		https://inbeat.agency/blog/consumer-panel-recruitment	Consumer Panel Recruitment: ULTIMATE 7-Step GUIDE for e-Commerce and Retail  - inBeat Agency
200	https://inbeat.agency/blog/creative-concept		https://inbeat.agency/blog/creative-concept	Creative Concept: What It Is and How To Develop It  - inBeat Agency
200	https://inbeat.agency/blog/creator-economy-statistics		https://inbeat.agency/blog/creator-economy-statistics	Creator Economy Statistics 2026: Market Size, Creator Income, and Platform Data  - inBeat Agency
200	https://inbeat.agency/blog/creative-testing		https://inbeat.agency/blog/creative-testing	From Copy to Design: 10 Best Practices for Creative Testing  - inBeat Agency
200	https://inbeat.agency/blog/customer-acquisition-channels		https://inbeat.agency/blog/customer-acquisition-channels	Top Customer Acquisition Channels for Online Businesses - inBeat Agency
200	https://inbeat.agency/author/nadiia-shevelieva		https://inbeat.agency/author/nadiia-shevelieva	Nadiia Shevelieva | Author | InBeat
200	https://inbeat.agency/blog/customer-acquisition-challenges		https://inbeat.agency/blog/customer-acquisition-challenges	7 Top Customer Acquisition Challenges and How to Solve Them  - inBeat Agency
200	https://inbeat.agency/blog/customer-acquisition-statistics		https://inbeat.agency/blog/customer-acquisition-statistics	39 Customer Acquisition Statistics You NEED to Leverage TODAY in 2025  - inBeat Agency
200	https://inbeat.agency/blog/customer-acquisition-metrics		https://inbeat.agency/blog/customer-acquisition-metrics	Top 10 Key Customer Acquisition Metrics to Consider  - inBeat Agency
200	https://inbeat.agency/blog/customer-retention-statistics		https://inbeat.agency/blog/customer-retention-statistics	90 Customer Retention Statistics (2026): Benchmarks, Churn Rates &amp; Tactics  - inBeat Agency
200	https://inbeat.agency/blog/creator-economy-trends		https://inbeat.agency/blog/creator-economy-trends	The 7 Biggest Trends Shaping the Creator Economy in 2025  - inBeat Agency
200	https://inbeat.agency/blog/dark-posting-creator-content-testing		https://inbeat.agency/blog/dark-posting-creator-content-testing	Dark Posting Is Quietly the Best Way to Test Creator Content  - inBeat Agency
200	https://inbeat.agency/blog/digital-marketing-for-startups		https://inbeat.agency/blog/digital-marketing-for-startups	Digital Marketing for Startups: Our Super-Secret Behind-the-Scenes GUIDE  - inBeat Agency
200	https://inbeat.agency/blog/digital-marketing-funnel		https://inbeat.agency/blog/digital-marketing-funnel	Digital Marketing Funnel - A Comprehensive Guide  - inBeat Agency
200	https://inbeat.agency/blog/does-influencer-marketing-actually-work		https://inbeat.agency/blog/does-influencer-marketing-actually-work	Does Influencer Marketing Actually Work? Performance, Attribution, and ROI  - inBeat Agency
200	https://inbeat.agency/blog/direct-to-consumer-dtc-brand-statistics-trends		https://inbeat.agency/blog/direct-to-consumer-dtc-brand-statistics-trends	77 Direct-to-Consumer (DTC) Brand Statistics &amp; Trends to Track in 2025  - inBeat Agency
200	https://inbeat.agency/blog/dubai-legal-advertising-guidelines		https://inbeat.agency/blog/dubai-legal-advertising-guidelines	Legal Guidelines for Advertising in Dubai for 2025  - inBeat Agency
200	https://inbeat.agency/blog/dynamic-creative-optimization		https://inbeat.agency/blog/dynamic-creative-optimization	Dynamic Creative Optimization: What It Is, Benefits + How to Do It  - inBeat Agency
200	https://inbeat.agency/blog/dooh-advertising		https://inbeat.agency/blog/dooh-advertising	DOOH Advertising in 2025: A Practical Guide with Real Brand Results  - inBeat Agency
200	https://inbeat.agency/blog/earned-media-value		https://inbeat.agency/blog/earned-media-value	Earned Media Value: Meaning, Benefits, Limits, Misuse, and More  - inBeat Agency
200	https://inbeat.agency/blog/earned-media-vs-paid-media		https://inbeat.agency/blog/earned-media-vs-paid-media	Earned Media vs Paid Media: Which One Should You Prioritize?  - inBeat Agency
200	https://inbeat.agency/blog/dubais-advertising-regulations-on-social-platforms		https://inbeat.agency/blog/dubais-advertising-regulations-on-social-platforms	2025 Guide to Dubai’s Advertising Regulations on Social Platforms  - inBeat Agency
200	https://inbeat.agency/blog/ecommerce-social-media-advertising-strategy		https://inbeat.agency/blog/ecommerce-social-media-advertising-strategy	Social Media Advertising Strategy for Ecommerce: Definitive Guide  - inBeat Agency
200	https://inbeat.agency/blog/ecommerce-customer-acquisition-cost		https://inbeat.agency/blog/ecommerce-customer-acquisition-cost	10 Strategies to Improve e-Commerce Customer Acquisition Cost  - inBeat Agency
200	https://inbeat.agency/blog/employee-recruitment-through-paid-advertising		https://inbeat.agency/blog/employee-recruitment-through-paid-advertising	How to Master Employee Recruitment with Paid Advertising  - inBeat Agency
200	https://inbeat.agency/blog/facebook-ads-vs-google-ads-vs-tiktok-ads		https://inbeat.agency/blog/facebook-ads-vs-google-ads-vs-tiktok-ads	Facebook Ads Vs. Google Ads Vs. TikTok Ads for eCommerce - What Works in 2026   - inBeat Agency
200	https://inbeat.agency/blog/fashion-influencers-los-angeles		https://inbeat.agency/blog/fashion-influencers-los-angeles	Top 30 Fashion Influencers in Los Angeles [Curated in 2025]  - inBeat Agency
200	https://inbeat.agency/blog/facebook-creative-fatigue		https://inbeat.agency/blog/facebook-creative-fatigue	Facebook Creative Fatigue: What Is It and How to Avoid It?  - inBeat Agency
200	https://inbeat.agency/blog/fashion-influencers-london		https://inbeat.agency/blog/fashion-influencers-london	Top 30 Fashion London Influencers to Work With in 2024 [Agency Review]  - inBeat Agency
200	https://inbeat.agency/blog/fashion-influencers-new-york		https://inbeat.agency/blog/fashion-influencers-new-york	Top 32 Fashion Influencers in NYC (2024 Edition)  - inBeat Agency
200	https://inbeat.agency/blog/food-influencers-los-angeles		https://inbeat.agency/blog/food-influencers-los-angeles	Top 30 Food Influencers in Los Angeles  - inBeat Agency
200	https://inbeat.agency/blog/ftc-guidelines-for-influencers		https://inbeat.agency/blog/ftc-guidelines-for-influencers	FTC Guidelines for Influencers: Everything You Need to Know in 2025  - inBeat Agency
200	https://inbeat.agency/blog/gaming-influencers-los-angeles		https://inbeat.agency/blog/gaming-influencers-los-angeles	15 Top Gaming influencers in Los Angeles (As Of 2024)  - inBeat Agency
200	https://inbeat.agency/blog/future-of-advertising-in-atlanta		https://inbeat.agency/blog/future-of-advertising-in-atlanta	The Future of Advertising in Atlanta: Key 2026 Trends to Watch  - inBeat Agency
200	https://inbeat.agency/blog/go-to-market-playbook-uk		https://inbeat.agency/blog/go-to-market-playbook-uk	Go-To-Market Playbook: UK Market Best Practices for Scale and ROI  - inBeat Agency
200	https://inbeat.agency/blog/global-influencer-marketing		https://inbeat.agency/blog/global-influencer-marketing	Global Influencer Marketing: How to Build Campaigns That Scale Across Markets  - inBeat Agency
200	https://inbeat.agency/blog/go-to-market-playbook-us-market		https://inbeat.agency/blog/go-to-market-playbook-us-market	Go-To-Market Playbook: Proven Frameworks to Win in the US Market  - inBeat Agency
200	https://inbeat.agency/blog/google-performance-max-campaigns		https://inbeat.agency/blog/google-performance-max-campaigns	Max ROI, Minimal Effort: Optimizing Google Performance Max Campaigns in 2025  - inBeat Agency
200	https://inbeat.agency/blog/go-to-market-strategy		https://inbeat.agency/blog/go-to-market-strategy	Go-To-Market Strategy – A Detailed Guide for 2025 [+ Insights]  - inBeat Agency
200	https://inbeat.agency/blog/growth-agency-vs-marketing-agency		https://inbeat.agency/blog/growth-agency-vs-marketing-agency	Growth Agency vs. Marketing Agency: Understanding the Differences  - inBeat Agency
200	https://inbeat.agency/blog/health-insurance-marketing-strategies		https://inbeat.agency/blog/health-insurance-marketing-strategies	An Ultimate Guide to Health Insurance Marketing Strategies for 2025  - inBeat Agency
200	https://inbeat.agency/blog/growth-vs-performance-marketing		https://inbeat.agency/blog/growth-vs-performance-marketing	Growth Marketing vs Performance Marketing: What Is the Difference and What Your Brand Needs  - inBeat Agency
200	https://inbeat.agency/blog/health-wellness-influencers-new-york		https://inbeat.agency/blog/health-wellness-influencers-new-york	21 Top Health &amp; Wellness Instagram Influencers in New York [Macro, Micro and Nano]  - inBeat Agency
200	https://inbeat.agency/blog/health-wellness-influencers-los-angeles		https://inbeat.agency/blog/health-wellness-influencers-los-angeles	Top 30 Health &amp; Wellness Influencers in Los Angeles  - inBeat Agency
200	https://inbeat.agency/blog/healthcare-marketing		https://inbeat.agency/blog/healthcare-marketing	Healthcare Marketing: Here’s What You Need to Know  - inBeat Agency
200	https://inbeat.agency/blog/how-marketing-strategies-differ-across-nyc		https://inbeat.agency/blog/how-marketing-strategies-differ-across-nyc	SoHo vs Flatiron vs Midtown: How Marketing Strategies Differ Across NYC  - inBeat Agency
200	https://inbeat.agency/blog/healthcare-panel-recruitment		https://inbeat.agency/blog/healthcare-panel-recruitment	Healthcare Panel Recruitment: Everything You Need to Know  - inBeat Agency
200	https://inbeat.agency/blog/healthcare-ugc-casting-guide		https://inbeat.agency/blog/healthcare-ugc-casting-guide	Your Practical Guide to Casting Healthcare UGC Creators for Paid Social Campaigns  - inBeat Agency
200	https://inbeat.agency/blog/how-programmatic-ad-agencies-use-data		https://inbeat.agency/blog/how-programmatic-ad-agencies-use-data	How Programmatic Ad Agencies Use Data to Improve Performance (2025)  - inBeat Agency
200	https://inbeat.agency/blog/how-to-choose-ugc-video-types		https://inbeat.agency/blog/how-to-choose-ugc-video-types	How to Choose High-Performing UGC Video Types for Your Campaigns  - inBeat Agency
200	https://inbeat.agency/blog/how-to-choose-healthcare-advertising-agency-top-options		https://inbeat.agency/blog/how-to-choose-healthcare-advertising-agency-top-options	How to Choose a Healthcare Advertising Agency + Top 10 Options  - inBeat Agency
200	https://inbeat.agency/blog/how-to-choose-b2b-demand-generation-agency		https://inbeat.agency/blog/how-to-choose-b2b-demand-generation-agency	How to Choose a B2B Demand Generation Agency That Delivers Results  - inBeat Agency
200	https://inbeat.agency/blog/how-to-create-animated-instagram-stories		https://inbeat.agency/blog/how-to-create-animated-instagram-stories	How to Create Animated Instagram Stories  - inBeat Agency
200	https://inbeat.agency/blog/how-to-choose-right-growth-agency		https://inbeat.agency/blog/how-to-choose-right-growth-agency	7 Steps to Choose the Right Growth Agency for Your Business  - inBeat Agency
200	https://inbeat.agency/blog/how-to-find-micro-influencers		https://inbeat.agency/blog/how-to-find-micro-influencers	Ultimate Guide to Find Micro-Influencers: Our Agency’s PRO TIPS for 2025  - inBeat Agency
200	https://inbeat.agency/blog/how-much-content-creators-cost		https://inbeat.agency/blog/how-much-content-creators-cost	How Much Do Content Creators Cost in 2025? [A Customer Acquisition Agency Explains]  - inBeat Agency
200	https://inbeat.agency/blog/how-to-find-brand-strategy-agency-nyc		https://inbeat.agency/blog/how-to-find-brand-strategy-agency-nyc	Brand Strategy Agencies in New York: How to Find the Right Partner  - inBeat Agency
200	https://inbeat.agency/blog/how-to-market-to-hispanic-consumers		https://inbeat.agency/blog/how-to-market-to-hispanic-consumers	How To Market To The Hispanic Consumer Audience: Dos And Don’ts  - inBeat Agency
200	https://inbeat.agency/blog/how-to-measure-return-on-marketing-investmentp-proven-methods		https://inbeat.agency/blog/how-to-measure-return-on-marketing-investmentp-proven-methods	How to Measure Return on Marketing Investment with Proven Methods  - inBeat Agency
200	https://inbeat.agency/blog/how-to-use-ugc-videos-to-get-results		https://inbeat.agency/blog/how-to-use-ugc-videos-to-get-results	From Likes to Leads: How UGC Videos Can Drive Actionable Results for Your Brand  - inBeat Agency
200	https://inbeat.agency/blog/in-house-vs-outsourcing-influencer-marketing		https://inbeat.agency/blog/in-house-vs-outsourcing-influencer-marketing	In-House vs Outsourcing Influencer Marketing Campaign - What’s Better in 2024  - inBeat Agency
200	https://inbeat.agency/blog/increase-app-downloads		https://inbeat.agency/blog/increase-app-downloads	Our Agency&#x27;s 29 Proven Strategies to Increase App Downloads [and OUTRANK Your Competitors]  - inBeat Agency
200	https://inbeat.agency/blog/how-to-run-social-media-agency		https://inbeat.agency/blog/how-to-run-social-media-agency	How to Start and Manage a High-Performing Social Media Agency in 2025  - inBeat Agency
200	https://inbeat.agency/blog/incrementality-testing		https://inbeat.agency/blog/incrementality-testing	Incrementality Testing: Calculations, Examples, and More for 2025  - inBeat Agency
200	https://inbeat.agency/blog/incrementality-vs-ab-experiments		https://inbeat.agency/blog/incrementality-vs-ab-experiments	How Are Incrementality Experiments Different From A/B Experiments?  - inBeat Agency
200	https://inbeat.agency/blog/influencer-generated-content		https://inbeat.agency/blog/influencer-generated-content	Influencer Generated Content: What It Is &amp; Why It Works  - inBeat Agency
200	https://inbeat.agency/blog/influencer-brief-templates		https://inbeat.agency/blog/influencer-brief-templates	A Champion’s Guide to Crafting an Effective Influencer Brief (+ Free Templates!)  - inBeat Agency
200	https://inbeat.agency/blog/influencer-gifting-loop		https://inbeat.agency/blog/influencer-gifting-loop	The Influencer Gifting Loop: Why Most Brands Get Ghosted  - inBeat Agency
200	https://inbeat.agency/blog/influencer-marketing-agencies-london		https://inbeat.agency/blog/influencer-marketing-agencies-london	Top 31 Influencer Marketing Agencies in London [2026 Review]  - inBeat Agency
200	https://inbeat.agency/blog/influencer-marketing-attribution-models		https://inbeat.agency/blog/influencer-marketing-attribution-models	Influencer Marketing Attribution Models Explained: 6 Frameworks to Prove ROI  - inBeat Agency
200	https://inbeat.agency/blog/influencer-marketing-crisis-management		https://inbeat.agency/blog/influencer-marketing-crisis-management	This Is Why You Need Influencer Marketing Crisis Management  - inBeat Agency
200	https://inbeat.agency/blog/influencer-marketing-cpg		https://inbeat.agency/blog/influencer-marketing-cpg	Maximizing Influencer Marketing for CPG Brands: 10 Proven Strategies  - inBeat Agency
200	https://inbeat.agency/blog/influencer-marketing-for-beauty-brands		https://inbeat.agency/blog/influencer-marketing-for-beauty-brands	Influencer Marketing for Beauty Brands: Ultimate Guide for High-Performing Campaigns  - inBeat Agency
200	https://inbeat.agency/blog/influencer-marketing-examples		https://inbeat.agency/blog/influencer-marketing-examples	10 Influencer Marketing Examples Done Right - Rated by Agency in 2025  - inBeat Agency
200	https://inbeat.agency/blog/influencer-outreach-email-templates		https://inbeat.agency/blog/influencer-outreach-email-templates	10 Influencer Outreach Email Templates That Actually Get an Answer  - inBeat Agency
200	https://inbeat.agency/blog/influencer-marketing-rfp-template		https://inbeat.agency/blog/influencer-marketing-rfp-template	Influencer Marketing RFP Template: What to Include and How to Choose the Right Agency  - inBeat Agency
200	https://inbeat.agency/blog/influencer-seeding		https://inbeat.agency/blog/influencer-seeding	Influencer Seeding: How to Scale Earned Posts on a Tight Budget  - inBeat Agency
200	https://inbeat.agency/blog/instagram-influencers-in-london		https://inbeat.agency/blog/instagram-influencers-in-london	Top 30 Instagram Influencers in London to Collaborate in 2025  - inBeat Agency
200	https://inbeat.agency/blog/instagram-reels-ads		https://inbeat.agency/blog/instagram-reels-ads	How to Create Instagram Reels Ads: The Ultimate Guide for Online Businesses  - inBeat Agency
200	https://inbeat.agency/blog/instagram-statistics		https://inbeat.agency/blog/instagram-statistics	91 Instagram Statistics to Track NOW: Strategic Implications and Our Agency’s Perspective  - inBeat Agency
200	https://inbeat.agency/blog/lead-generation-statistics		https://inbeat.agency/blog/lead-generation-statistics	60+ Lead Generation Statistics You Can’t Afford to Ignore in 2025  - inBeat Agency
200	https://inbeat.agency/blog/instagram-spots-los-angeles		https://inbeat.agency/blog/instagram-spots-los-angeles	Top 51 Instagram Spots in Los Angeles  - inBeat Agency
200	https://inbeat.agency/blog/legacy-brand-marketing		https://inbeat.agency/blog/legacy-brand-marketing	Legacy Brand Marketing: The Digital Playbook for Staying Relevant  - inBeat Agency
200	https://inbeat.agency/blog/lifestyle-influencers-new-york		https://inbeat.agency/blog/lifestyle-influencers-new-york	Top 30 Lifestyle Influencers in New York in 2024  - inBeat Agency
200	https://inbeat.agency/blog/lifestyle-influencers-los-angeles		https://inbeat.agency/blog/lifestyle-influencers-los-angeles	Top 30 Lifestyle Influencers in Los Angeles  - inBeat Agency
200	https://inbeat.agency/blog/influencer-marketing-roi		https://inbeat.agency/blog/influencer-marketing-roi	Influencer Marketing ROI: How to Measure and Maximize It [+ Free Calculator]  - inBeat Agency
200	https://inbeat.agency/blog/luxury-brand-influencer-marketing-strategies		https://inbeat.agency/blog/luxury-brand-influencer-marketing-strategies	7 Luxury Brand Influencer Marketing Strategies To Crush Your ROI Goals in 2026  - inBeat Agency
200	https://inbeat.agency/blog/marketing-agency-metrics-guide		https://inbeat.agency/blog/marketing-agency-metrics-guide	Marketing Agency Metrics Guide: 20 Metrics That Actually Matter  - inBeat Agency
200	https://inbeat.agency/blog/marketing-agency-reporting		https://inbeat.agency/blog/marketing-agency-reporting	All About Marketing Agency Reporting: What to Expect + More  - inBeat Agency
200	https://inbeat.agency/blog/marketing-in-mexico		https://inbeat.agency/blog/marketing-in-mexico	Entering The Mexico Market? Here Are 9 Things to Consider For Marketing In Mexico  - inBeat Agency
200	https://inbeat.agency/blog/marketing-automation-statistics		https://inbeat.agency/blog/marketing-automation-statistics	70 Marketing Automation Statistics Every Marketer Must Know in 2025  - inBeat Agency
200	https://inbeat.agency/blog/marketing-mix-modeling		https://inbeat.agency/blog/marketing-mix-modeling	How MMM Works: Breaking Down the Inputs, Outputs &amp; Insights  - inBeat Agency
200	https://inbeat.agency/blog/marketing-measurement		https://inbeat.agency/blog/marketing-measurement	Marketing Measurement: KPIs, Methods, and Tools for 2025  - inBeat Agency
200	https://inbeat.agency/blog/media-mix-modeling		https://inbeat.agency/blog/media-mix-modeling	Media Mix Modeling: The Ultimate Playbook for CMOs  - inBeat Agency
200	https://inbeat.agency/blog/meta-ads-for-nyc-brands-when-it-works-best		https://inbeat.agency/blog/meta-ads-for-nyc-brands-when-it-works-best	Meta Ads for NYC Brands: When It Works Best  - inBeat Agency
200	https://inbeat.agency/blog/maximize-ugc-content		https://inbeat.agency/blog/maximize-ugc-content	How to Maximize Your UGC Content: 5 UGC Repurposing Strategies for 2026  - inBeat Agency
200	https://inbeat.agency/blog/mobile-app-ad-creatives		https://inbeat.agency/blog/mobile-app-ad-creatives	5 Tips for Designing Effective Mobile App Ad Creatives in 2025  - inBeat Agency
200	https://inbeat.agency/blog/mobile-app-advertising-trends		https://inbeat.agency/blog/mobile-app-advertising-trends	7 Mobile App Advertising Trends for 2024 - Approved by Agency  - inBeat Agency
200	https://inbeat.agency/blog/meta-statistics		https://inbeat.agency/blog/meta-statistics	96 Meta Statistics for 2026: Users, Revenue, Ads, and Platform Facts  - inBeat Agency
200	https://inbeat.agency/blog/micro-influencers-vs-macro-influencers		https://inbeat.agency/blog/micro-influencers-vs-macro-influencers	Micro-Influencers vs Macro-Influencers: Who Should You Work With? [Agency EXPLAINS]  - inBeat Agency
200	https://inbeat.agency/blog/mobile-app-marketing-kpis		https://inbeat.agency/blog/mobile-app-marketing-kpis	20 BEST KPIs to Monitor Your Mobile App Marketing Performance in 2024  - inBeat Agency
200	https://inbeat.agency/blog/micro-influencer-marketing		https://inbeat.agency/blog/micro-influencer-marketing	Complete Guide to Micro-influencer Marketing (Agency&#x27;s Insider Info)  - inBeat Agency
200	https://inbeat.agency/blog/mobile-attribution-platforms		https://inbeat.agency/blog/mobile-attribution-platforms	7 Top Mobile Attribution Platforms and Tools for 2024  - inBeat Agency
200	https://inbeat.agency/blog/nano-influencer-marketing		https://inbeat.agency/blog/nano-influencer-marketing	Nano Influencer Marketing: The Complete Brand Guide for 2026  - inBeat Agency
200	https://inbeat.agency/blog/nyc-creators-vs-la-creators		https://inbeat.agency/blog/nyc-creators-vs-la-creators	NYC Creators vs LA Creators: Content Performance Differences  - inBeat Agency
200	https://inbeat.agency/blog/nyc-consumer-behavior		https://inbeat.agency/blog/nyc-consumer-behavior	How NYC Consumer Behavior Differs from Other Markets  - inBeat Agency
200	https://inbeat.agency/blog/nyc-tiktok-statistics		https://inbeat.agency/blog/nyc-tiktok-statistics	15+ NYC TikTok Statistics: How Impactful is the Platform in the Big Apple?  - inBeat Agency
200	https://inbeat.agency/blog/nyc-vs-la-creator-economy		https://inbeat.agency/blog/nyc-vs-la-creator-economy	The NYC vs LA Creator Economy: Which Performs Better  - inBeat Agency
200	https://inbeat.agency/blog/ooh-advertising		https://inbeat.agency/blog/ooh-advertising	What Is OOH Advertising? Types, Costs, and Examples for 2026  - inBeat Agency
200	https://inbeat.agency/blog/online-shopping-statistics		https://inbeat.agency/blog/online-shopping-statistics	70+ Online Shopping Statistics - 2025 Report to Consider  - inBeat Agency
200	https://inbeat.agency/blog/music-licensing-for-ugc		https://inbeat.agency/blog/music-licensing-for-ugc	Music Licensing For UGC – Everything You Need To Know  - inBeat Agency
200	https://inbeat.agency/blog/mobile-app-marketing-agencies		https://inbeat.agency/blog/mobile-app-marketing-agencies	Top 31 Mobile App Marketing Agencies (Reviewed in 2026)  - inBeat Agency
200	https://inbeat.agency/blog/optimize-influencer-marketing-strategies		https://inbeat.agency/blog/optimize-influencer-marketing-strategies	Optimizing Influencer Marketing Strategies: 15+ Proven Tactics to Scale ROI   - inBeat Agency
200	https://inbeat.agency/blog/organic-vs-paid-acquisition		https://inbeat.agency/blog/organic-vs-paid-acquisition	Organic vs. Paid Customer Acquisition: 12 Factors to Consider  - inBeat Agency
200	https://inbeat.agency/blog/paid-ads-vs-influencer-marketing		https://inbeat.agency/blog/paid-ads-vs-influencer-marketing	Paid Ads vs Influencer Marketing: Which One Should You Pick in 2025  - inBeat Agency
200	https://inbeat.agency/blog/paid-social-benchmarks-for-nyc-ecommerce-brands		https://inbeat.agency/blog/paid-social-benchmarks-for-nyc-ecommerce-brands	Paid Social Benchmarks for NYC Ecommerce Brands  - inBeat Agency
200	https://inbeat.agency/blog/paid-social-strategy		https://inbeat.agency/blog/paid-social-strategy	Paid Social Strategy: How to Allocate Budget Across Meta, TikTok, and Snapchat  - inBeat Agency
200	https://inbeat.agency/blog/performance-creative-in-advertising		https://inbeat.agency/blog/performance-creative-in-advertising	What is Performance Creative in Advertising? Key Considerations for 2024  - inBeat Agency
200	https://inbeat.agency/blog/performance-creative-pricing-guide		https://inbeat.agency/blog/performance-creative-pricing-guide	Performance Creative Pricing Guide 2026: UGC Ads, B-Roll Ads, Mashups, and Other Paid Social Formats  - inBeat Agency
200	https://inbeat.agency/blog/paid-social-strategy-for-nyc-ecommerce-brands		https://inbeat.agency/blog/paid-social-strategy-for-nyc-ecommerce-brands	How NYC eCommerce Brands Should Structure Their Paid Social Strategy  - inBeat Agency
200	https://inbeat.agency/blog/performance-creative-for-nyc-dtc-growth		https://inbeat.agency/blog/performance-creative-for-nyc-dtc-growth	How NYC DTC Brands Scale with Performance Creative  - inBeat Agency
200	https://inbeat.agency/blog/performance-marketing-guide		https://inbeat.agency/blog/performance-marketing-guide	Performance Marketing 101: Definitive Guide with Agency Insights  - inBeat Agency
200	https://inbeat.agency/blog/pillars-of-customer-acquisition-strategy		https://inbeat.agency/blog/pillars-of-customer-acquisition-strategy	11 Pillars of a Strong Customer Acquisition Strategy to Consider in 2024  - inBeat Agency
200	https://inbeat.agency/blog/performance-max-ad-examples		https://inbeat.agency/blog/performance-max-ad-examples	Performance Max Ad Examples: 15 Real Campaigns and Why They Work  - inBeat Agency
200	https://inbeat.agency/blog/programmatic-advertising		https://inbeat.agency/blog/programmatic-advertising	The Power of Programmatic Advertising in Digital Campaigns (2025)  - inBeat Agency
200	https://inbeat.agency/blog/ranking-top-performance-branding-agencies-nyc		https://inbeat.agency/blog/ranking-top-performance-branding-agencies-nyc	2026 Ranking: Top 12 Performance Branding Agencies in NYC  - inBeat Agency
200	https://inbeat.agency/blog/short-form-vs-long-form-video-content		https://inbeat.agency/blog/short-form-vs-long-form-video-content	Short-Form vs Long-Form Video Content: EXPERT Tips to Choose the Best Format for Your Marketing Goals  - inBeat Agency
200	https://inbeat.agency/blog/sales-and-marketing-alignment		https://inbeat.agency/blog/sales-and-marketing-alignment	Sales and Marketing Alignment: A Step-by-Step Guide for 2026  - inBeat Agency
200	https://inbeat.agency/blog/social-commerce-statistics		https://inbeat.agency/blog/social-commerce-statistics	50+ Social Commerce Statistics Every Marketer Should Know in 2026  - inBeat Agency
200	https://inbeat.agency/blog/social-listening		https://inbeat.agency/blog/social-listening	True or False? Social Listening Can Help You Find Leads in 2025  - inBeat Agency
200	https://inbeat.agency/blog/social-media-marketing-for-health-brands		https://inbeat.agency/blog/social-media-marketing-for-health-brands	Social Media Marketing for Health Brands: What Works [And What to Avoid]  - inBeat Agency
200	https://inbeat.agency/blog/social-media-statistics		https://inbeat.agency/blog/social-media-statistics	75 Social Media Statistics Every Marketer Should Know in 2025  - inBeat Agency
200	https://inbeat.agency/blog/targeted-advertising		https://inbeat.agency/blog/targeted-advertising	Targeted Advertising: What It Is and How to Use It TODAY  - inBeat Agency
200	https://inbeat.agency/blog/tiktok-advertising		https://inbeat.agency/blog/tiktok-advertising	TikTok Advertising Guide: Practical Tips for a Winning Strategy  - inBeat Agency
200	https://inbeat.agency/blog/social-selling-statistics		https://inbeat.agency/blog/social-selling-statistics	40+ Important Social Selling Statistics to Consider in 2025  - inBeat Agency
200	https://inbeat.agency/blog/threads-adoption-stats		https://inbeat.agency/blog/threads-adoption-stats	30+ Threads Adoption Stats Marketers Need in 2026  - inBeat Agency
200	https://inbeat.agency/blog/tiktok-advertising-cost		https://inbeat.agency/blog/tiktok-advertising-cost	What Is the Cost of TikTok Ads? All Questions Answered for 2025  - inBeat Agency
200	https://inbeat.agency/blog/tiktok-shop-creator-affiliate-strategy		https://inbeat.agency/blog/tiktok-shop-creator-affiliate-strategy	How to Scale TikTok Shop with Affiliate Creators  - inBeat Agency
200	https://inbeat.agency/blog/tiktok-spark-ads		https://inbeat.agency/blog/tiktok-spark-ads	TikTok Spark Ads: The Complete Brand Guide for 2026  - inBeat Agency
200	https://inbeat.agency/blog/tiktok-statistics		https://inbeat.agency/blog/tiktok-statistics	TikTok Statistics and the Future of Advertising: A Customer Acquisition Agency’s Perspective  - inBeat Agency
200	https://inbeat.agency/blog/tiktok-influencers-in-new-york		https://inbeat.agency/blog/tiktok-influencers-in-new-york	Top 30 TikTok Influencers in New York  - inBeat Agency
200	https://inbeat.agency/blog/tiktok-ugc-brief-template		https://inbeat.agency/blog/tiktok-ugc-brief-template	TikTok UGC Brief Template (with Real Behind-the-Scenes Examples)  - inBeat Agency
200	https://inbeat.agency/blog/tiktok-ugc		https://inbeat.agency/blog/tiktok-ugc	TikTok UGC: Everything You Need to Know in 2025 (Agency&#x27;s Insider Info)  - inBeat Agency
200	https://inbeat.agency/blog/top-advertising-agencies		https://inbeat.agency/blog/top-advertising-agencies	Leading Advertising Agencies in the USA  - inBeat Agency
200	https://inbeat.agency/blog/top-advertising-agencies-in-nyc		https://inbeat.agency/blog/top-advertising-agencies-in-nyc	Top 14 Advertising Agencies in NYC for 2026 (Expert Picks)  - inBeat Agency
200	https://inbeat.agency/blog/top-advertising-agencies-toronto		https://inbeat.agency/blog/top-advertising-agencies-toronto	Top 20 Advertising Agencies in Toronto for 2026 and Beyond  - inBeat Agency
200	https://inbeat.agency/blog/top-amazon-advertising-agencies		https://inbeat.agency/blog/top-amazon-advertising-agencies	Top 10 Amazon Advertising Agencies (Verified Specialist Picks)  - inBeat Agency
200	https://inbeat.agency/blog/top-automotive-marketing-agencies		https://inbeat.agency/blog/top-automotive-marketing-agencies	Top 15 Automotive Marketing Agencies Accelerating OEM and Dealership Growth  - inBeat Agency
200	https://inbeat.agency/blog/top-amsterdam-digital-marketing-agencies		https://inbeat.agency/blog/top-amsterdam-digital-marketing-agencies	Top Amsterdam Digital Marketing Agencies: 15 Expert Picks for 2026  - inBeat Agency
200	https://inbeat.agency/blog/top-b2b-marketing-agencies		https://inbeat.agency/blog/top-b2b-marketing-agencies	32 Best B2B Marketing Agencies for Growing Brands in 2026  - inBeat Agency
200	https://inbeat.agency/blog/top-b2b-influencer-marketing-agencies		https://inbeat.agency/blog/top-b2b-influencer-marketing-agencies	B2B Influencer Marketing Agencies Worth the Sales Call  - inBeat Agency
200	https://inbeat.agency/blog/top-billo-alternatives		https://inbeat.agency/blog/top-billo-alternatives	Top 8 Billo Alternatives to Try Out in 2026  - inBeat Agency
200	https://inbeat.agency/blog/top-brand-marketing-agencies		https://inbeat.agency/blog/top-brand-marketing-agencies	12 Brand Marketing Agencies That Actually Build Brands  - inBeat Agency
200	https://inbeat.agency/blog/top-boston-social-media-agencies		https://inbeat.agency/blog/top-boston-social-media-agencies	Top 30 Boston Social Media Agencies Helping Brands Stand Out in 2025  - inBeat Agency
200	https://inbeat.agency/blog/top-banking-marketing-agencies		https://inbeat.agency/blog/top-banking-marketing-agencies	Top 15 Banking Marketing Agencies Driving Growth in Finance [2026 Edition]  - inBeat Agency
200	https://inbeat.agency/blog/top-content-creation-agencies-dubai		https://inbeat.agency/blog/top-content-creation-agencies-dubai	Top 30 Content Creation Agencies Driving Brand Growth in Dubai (2026 Edition)  - inBeat Agency
200	https://inbeat.agency/blog/top-creative-strategy-agencies		https://inbeat.agency/blog/top-creative-strategy-agencies	The Creative Strategy Hotlist 2026: 15 Agencies to Know  - inBeat Agency
200	https://inbeat.agency/blog/top-creator-marketing-agencies		https://inbeat.agency/blog/top-creator-marketing-agencies	17 Creator Marketing Agencies Worth Considering for Influencer Campaigns, UGC + More  - inBeat Agency
200	https://inbeat.agency/blog/top-creative-agencies		https://inbeat.agency/blog/top-creative-agencies	Top 17 Creative Agencies Setting the Standard in 2026  - inBeat Agency
200	https://inbeat.agency/blog/top-cro-agencies-for-ecommerce		https://inbeat.agency/blog/top-cro-agencies-for-ecommerce	Top 30 CRO Agencies Helping eCommerce Brands Convert Clicks Into Customers in 2026  - inBeat Agency
200	https://inbeat.agency/blog/top-data-science-marketing-agencies		https://inbeat.agency/blog/top-data-science-marketing-agencies	2026 Guide to Top 15 Data Science Marketing Agencies  - inBeat Agency
200	https://inbeat.agency/blog/top-data-analytics-agencies		https://inbeat.agency/blog/top-data-analytics-agencies	Top 30+ Data Analytics Agencies Turning Insights Into Impact in 2025  - inBeat Agency
200	https://inbeat.agency/blog/top-digital-marketing-agencies-austin		https://inbeat.agency/blog/top-digital-marketing-agencies-austin	Top 31 Digital Marketing Agencies in Austin for 2026  - inBeat Agency
200	https://inbeat.agency/blog/top-digital-marketing-agencies-atlanta		https://inbeat.agency/blog/top-digital-marketing-agencies-atlanta	Call These Digital Marketing Agencies in Atlanta For Better Growth  - inBeat Agency
200	https://inbeat.agency/blog/top-digital-marketing-agencies-chicago		https://inbeat.agency/blog/top-digital-marketing-agencies-chicago	Top 21 Digital Marketing Agencies in Chicago COMPARED for 2026  - inBeat Agency
200	https://inbeat.agency/blog/top-cpg-influencer-marketing-agencies		https://inbeat.agency/blog/top-cpg-influencer-marketing-agencies	Top CPG Influencer Marketing Agencies (2026): Ranked by Retail Results, Not Follower Counts  - inBeat Agency
200	https://inbeat.agency/blog/top-digital-marketing-agencies-in-the-uk		https://inbeat.agency/blog/top-digital-marketing-agencies-in-the-uk	11 Best UK Digital Marketing Agencies, Checked Against PECR and ASA Rules  - inBeat Agency
200	https://inbeat.agency/blog/top-digital-marketing-agencies-in-the-us		https://inbeat.agency/blog/top-digital-marketing-agencies-in-the-us	The Digital Marketing Agencies We&#x27;d Consider First in the US  - inBeat Agency
200	https://inbeat.agency/blog/top-digital-marketing-agencies-miami		https://inbeat.agency/blog/top-digital-marketing-agencies-miami	A Close Look at Miami’s Strongest Digital Marketing Agencies   - inBeat Agency
200	https://inbeat.agency/blog/top-digital-marketing-agencies-new-jersey		https://inbeat.agency/blog/top-digital-marketing-agencies-new-jersey	The 15 Digital Marketing Agencies in New Jersey That You Should Call  - inBeat Agency
200	https://inbeat.agency/blog/top-digital-marketing-agencies-sydney		https://inbeat.agency/blog/top-digital-marketing-agencies-sydney	Best 30+ Digital Marketing Agencies in Sydney – Reviewed in June 2026  - inBeat Agency
200	https://inbeat.agency/blog/top-digital-marketing-agencies-nyc		https://inbeat.agency/blog/top-digital-marketing-agencies-nyc	Digital Marketing Agencies in New York: The Shortlist  - inBeat Agency
200	https://inbeat.agency/blog/top-digital-marketing-agencies-washington-dc		https://inbeat.agency/blog/top-digital-marketing-agencies-washington-dc	Which Washington, DC Digital Marketing Agency Fits Your Organization? 15 Firms, Compared  - inBeat Agency
200	https://inbeat.agency/blog/top-digital-marketing-agencies-toronto		https://inbeat.agency/blog/top-digital-marketing-agencies-toronto	Top 31 Digital Marketing Agencies in Toronto [2025 Review]  - inBeat Agency
200	https://inbeat.agency/blog/top-dynamic-creative-optimization-companies		https://inbeat.agency/blog/top-dynamic-creative-optimization-companies	Top 11 Dynamic Creative Optimization Companies Revolutionizing Personalized Advertising  - inBeat Agency
200	https://inbeat.agency/blog/top-event-marketing-agencies		https://inbeat.agency/blog/top-event-marketing-agencies	Top 31 Event Marketing Agencies for 2026  - inBeat Agency
200	https://inbeat.agency/blog/top-fintech-marketing-agencies		https://inbeat.agency/blog/top-fintech-marketing-agencies	Top Fintech Marketing Agencies (2026): Paid Social, Creators, and Compliance-Cleared Performance Creative  - inBeat Agency
200	https://inbeat.agency/blog/top-facebook-ads-agencies		https://inbeat.agency/blog/top-facebook-ads-agencies	Meta Budget on the Line? These 15 Facebook Ads Agencies Can Help  - inBeat Agency
200	https://inbeat.agency/blog/top-fractional-cmo-services		https://inbeat.agency/blog/top-fractional-cmo-services	Fractional CMOs You Can Trust: Top 30 Services Reviewed in 2026  - inBeat Agency
200	https://inbeat.agency/blog/top-global-advertising-agencies		https://inbeat.agency/blog/top-global-advertising-agencies	Top 20 Global Advertising Agencies + the Big Six  - inBeat Agency
200	https://inbeat.agency/blog/top-go-to-market-agencies		https://inbeat.agency/blog/top-go-to-market-agencies	Go-To-Market Experts: Top 20 Agencies for 2025  - inBeat Agency
200	https://inbeat.agency/blog/top-healthcare-influencers		https://inbeat.agency/blog/top-healthcare-influencers	Top 30 Healthcare Influencers as of 2025: Top Innovators Transforming Medicine  - inBeat Agency
200	https://inbeat.agency/blog/top-growth-marketing-agencies-in-nyc		https://inbeat.agency/blog/top-growth-marketing-agencies-in-nyc	Growth Marketing Agencies for Fast-Rising NYC Brands  - inBeat Agency
200	https://inbeat.agency/blog/top-influencer-agencies-in-the-us		https://inbeat.agency/blog/top-influencer-agencies-in-the-us	Top 13 Influencer Marketing Agencies in the US for 2026  - inBeat Agency
200	https://inbeat.agency/blog/top-healthcare-marketing-agencies		https://inbeat.agency/blog/top-healthcare-marketing-agencies	20 Healthcare Marketing Agencies for Pharma, MedTech, and Patient Brands  - inBeat Agency
200	https://inbeat.agency/blog/top-instagram-advertising-agencies		https://inbeat.agency/blog/top-instagram-advertising-agencies	30 Best Instagram Ad Agencies Helping Businesses Go Viral in 2025  - inBeat Agency
200	https://inbeat.agency/blog/top-lifecycle-marketing-agencies		https://inbeat.agency/blog/top-lifecycle-marketing-agencies	12 Best Lifecycle Marketing Agencies Turning Journeys Into Growth in 2025  - inBeat Agency
200	https://inbeat.agency/blog/top-marketing-agencies-los-angeles		https://inbeat.agency/blog/top-marketing-agencies-los-angeles	20 LA Agencies That Passed Our Vetting Process for 2026  - inBeat Agency
200	https://inbeat.agency/blog/top-marketing-analytics-agencies		https://inbeat.agency/blog/top-marketing-analytics-agencies	Top 15 Marketing Analytics Agencies Defining 2026  - inBeat Agency
200	https://inbeat.agency/blog/top-marketing-agencies-boston		https://inbeat.agency/blog/top-marketing-agencies-boston	Boston’s Top 15 Marketing Agencies in 2026: Who’s Setting the Standard  - inBeat Agency
200	https://inbeat.agency/blog/top-media-buying-agencies		https://inbeat.agency/blog/top-media-buying-agencies	15 Media Buying Agencies That Actually Stretch a Budget  - inBeat Agency
200	https://inbeat.agency/blog/top-media-buying-agencies-los-angeles		https://inbeat.agency/blog/top-media-buying-agencies-los-angeles	Top 15 Media Buying Agencies in Los Angeles Leading the Game in 2026  - inBeat Agency
200	https://inbeat.agency/blog/top-media-buying-agencies-nyc		https://inbeat.agency/blog/top-media-buying-agencies-nyc	16 Leading Media Buying Agencies in NYC You Should Know in 2026  - inBeat Agency
200	https://inbeat.agency/blog/top-nurse-influencers		https://inbeat.agency/blog/top-nurse-influencers	Top 30 Nurse Influencers as of 2025: Voices Shaping Healthcare Online  - inBeat Agency
200	https://inbeat.agency/blog/top-multicultural-marketing-agencies-los-angeles		https://inbeat.agency/blog/top-multicultural-marketing-agencies-los-angeles	Top 15 Multicultural Agencies Defining Los Angeles’ Marketing Scene  - inBeat Agency
200	https://inbeat.agency/blog/top-paid-media-agencies-in-nyc		https://inbeat.agency/blog/top-paid-media-agencies-in-nyc	Top 14 Paid Media Agencies in NYC for 2026  - inBeat Agency
200	https://inbeat.agency/blog/top-paid-social-agencies-in-nyc		https://inbeat.agency/blog/top-paid-social-agencies-in-nyc	Top 14 Paid Social Agencies in NYC (Meta, TikTok, Snapchat, Google) | 2026 Rankings  - inBeat Agency
200	https://inbeat.agency/blog/top-performance-creative-agencies		https://inbeat.agency/blog/top-performance-creative-agencies	Performance Creative Agencies: 16 Worth a First Call (2026)  - inBeat Agency
200	https://inbeat.agency/blog/top-nyc-ugc-agencies		https://inbeat.agency/blog/top-nyc-ugc-agencies	Top 10 NYC UGC Agencies to Watch in 2026  - inBeat Agency
200	https://inbeat.agency/blog/top-performance-creative-agencies-new-york		https://inbeat.agency/blog/top-performance-creative-agencies-new-york	12 Best Performance Creative Agencies in NYC for 2026 | COMPARED  - inBeat Agency
200	https://inbeat.agency/blog/top-persona-development-services		https://inbeat.agency/blog/top-persona-development-services	Top 30 Persona Development Services Used by Leading Brands (2026)  - inBeat Agency
200	https://inbeat.agency/blog/top-performance-marketing-agencies-london		https://inbeat.agency/blog/top-performance-marketing-agencies-london	Top 31 Performance Marketing Agencies in London as of 2026  - inBeat Agency
200	https://inbeat.agency/blog/top-ppc-agencies-sydney		https://inbeat.agency/blog/top-ppc-agencies-sydney	Top 31 PPC Agencies in Sydney (Tried and Tested in January 2025)  - inBeat Agency
200	https://inbeat.agency/blog/top-ppc-agencies-london		https://inbeat.agency/blog/top-ppc-agencies-london	Top 31 PPC Agencies in London Handpicked in January 2025  - inBeat Agency
200	https://inbeat.agency/blog/top-ppc-agencies-in-nyc		https://inbeat.agency/blog/top-ppc-agencies-in-nyc	Top 12 PPC Agencies in NYC for 2026: The Best Teams to Scale Your Ads  - inBeat Agency
200	https://inbeat.agency/blog/top-ppc-agencies-uk		https://inbeat.agency/blog/top-ppc-agencies-uk	Top 32 PPC Agencies in the United Kingdom for 2025 - Reviewed  - inBeat Agency
200	https://inbeat.agency/blog/top-retail-marketing-agencies		https://inbeat.agency/blog/top-retail-marketing-agencies	16 Best Retail Marketing Agencies For Modern Brands - Tried &amp; Tested  - inBeat Agency
200	https://inbeat.agency/blog/top-programmatic-advertising-agencies		https://inbeat.agency/blog/top-programmatic-advertising-agencies	2025&#x27;s Programmatic Leaders: Top 30+ Advertising Agencies Defined  - inBeat Agency
200	https://inbeat.agency/blog/top-search-engine-marketing-agencies		https://inbeat.agency/blog/top-search-engine-marketing-agencies	Top 30+ Search Engine Marketing Agencies in 2026 Chosen by Industry Leaders  - inBeat Agency
200	https://inbeat.agency/blog/top-short-form-video-agencies		https://inbeat.agency/blog/top-short-form-video-agencies	Short-Form Video Agencies for High-Performing Content (2026)  - inBeat Agency
200	https://inbeat.agency/blog/top-social-media-agencies-canada		https://inbeat.agency/blog/top-social-media-agencies-canada	Top 21 Social Media Agencies in Canada as of 2025  - inBeat Agency
200	https://inbeat.agency/blog/top-social-media-agencies-in-the-uk		https://inbeat.agency/blog/top-social-media-agencies-in-the-uk	Top 26 Social Media Agencies in the UK (2026 Guide)  - inBeat Agency
200	https://inbeat.agency/blog/top-social-media-agencies-in-the-us		https://inbeat.agency/blog/top-social-media-agencies-in-the-us	22 US Social Media Agencies We Vetted (Based on Real Data)  - inBeat Agency
200	https://inbeat.agency/blog/top-social-media-agencies-los-angeles		https://inbeat.agency/blog/top-social-media-agencies-los-angeles	15 Social Media Agencies in LA That Actually Deliver Results  - inBeat Agency
200	https://inbeat.agency/blog/top-social-media-agencies-france		https://inbeat.agency/blog/top-social-media-agencies-france	Top 26 Social Media Agencies in France: 2026 Rankings  - inBeat Agency
200	https://inbeat.agency/blog/top-social-media-agencies-miami		https://inbeat.agency/blog/top-social-media-agencies-miami	Miami&#x27;s Best 31 Social Media Agencies Ranked | inBeat Agency  - inBeat Agency
200	https://inbeat.agency/blog/top-social-media-agencies-new-york		https://inbeat.agency/blog/top-social-media-agencies-new-york	Looking for a Social Media Agency in NYC? Start With These  - inBeat Agency
200	https://inbeat.agency/blog/top-social-media-agencies-toronto		https://inbeat.agency/blog/top-social-media-agencies-toronto	Toronto Social Media Agencies That Get You Measurable Business Growth: 2026 Review  - inBeat Agency
200	https://inbeat.agency/blog/top-sports-marketing-firms		https://inbeat.agency/blog/top-sports-marketing-firms	15 Top-Rated Sports Marketing Firms of 2026  - inBeat Agency
200	https://inbeat.agency/blog/top-user-acquisition-agencies		https://inbeat.agency/blog/top-user-acquisition-agencies	Top 30 User Acquisition Agencies in 2026 Driving Scalable Growth  - inBeat Agency
200	https://inbeat.agency/blog/ugc-healthcare-marketing-compliance		https://inbeat.agency/blog/ugc-healthcare-marketing-compliance	UGC and Compliance in Healthcare Marketing: How to Use UGC Without Violating HIPAA [+ More]  - inBeat Agency
200	https://inbeat.agency/blog/travel-influencers-new-york		https://inbeat.agency/blog/travel-influencers-new-york	Top 30 Travel Influencers in New York  - inBeat Agency
200	https://inbeat.agency/blog/travel-influencers-los-angeles		https://inbeat.agency/blog/travel-influencers-los-angeles	Top 30 Travel Influencers in Los Angeles  - inBeat Agency
200	https://inbeat.agency/blog/ugc-portfolio		https://inbeat.agency/blog/ugc-portfolio	7-STEP UGC Portfolio: ULTIMATE Guide For Creators And Brands  - inBeat Agency
200	https://inbeat.agency/blog/ugc-rates		https://inbeat.agency/blog/ugc-rates	The Ultimate Guide to UGC Rates in 2026: All Questions Answered  - inBeat Agency
200	https://inbeat.agency/blog/ugc-statistics		https://inbeat.agency/blog/ugc-statistics	UGC Statistics 2026: 50+ Verified Numbers on Trust, Conversion and Creator Ads  - inBeat Agency
200	https://inbeat.agency/blog/ugc-scripts		https://inbeat.agency/blog/ugc-scripts	How to Write Viral UGC Scripts? A Complete Guide  - inBeat Agency
200	https://inbeat.agency/blog/ugc-usage-rights		https://inbeat.agency/blog/ugc-usage-rights	UGC (User-Generated Content) Usage Rights: Everything You Need to Know   - inBeat Agency
200	https://inbeat.agency/blog/top-ugc-agencies-us		https://inbeat.agency/blog/top-ugc-agencies-us	Top 15 UGC Agencies in the US: Reviewed and Ranked  - inBeat Agency
200	https://inbeat.agency/blog/video-marketing-statistics		https://inbeat.agency/blog/video-marketing-statistics	50+ Video Marketing Statistics You Should Know in 2026  - inBeat Agency
200	https://inbeat.agency/blog/user-generated-content-examples		https://inbeat.agency/blog/user-generated-content-examples	4 BEST User-Generated Content Examples [Our UGC AGENCY’s EXPERIENCE]  - inBeat Agency
200	https://inbeat.agency/blog/ugc-vs-influencer-marketing		https://inbeat.agency/blog/ugc-vs-influencer-marketing	UGC vs Influencer Marketing: Which Strategy Is Right for Your Brand?  - inBeat Agency
200	https://inbeat.agency/blog/video-game-influencer-marketing		https://inbeat.agency/blog/video-game-influencer-marketing	Influencer Marketing for Video Games: The Complete Guide  - inBeat Agency
200	https://inbeat.agency/blog/video-marketing-examples		https://inbeat.agency/blog/video-marketing-examples	Video Marketing Examples: 18 Awesome Examples [Plus Our Agency’s Rants, Case Studies, and MORE]  - inBeat Agency
200	https://inbeat.agency/blog/what-is-acquisition-agency		https://inbeat.agency/blog/what-is-acquisition-agency	What Is an Acquisition Agency? Everything You Need to Know in 2025  - inBeat Agency
200	https://inbeat.agency/blog/what-is-data-driven-advertising		https://inbeat.agency/blog/what-is-data-driven-advertising	What Is Data-Driven Advertising? Benefits &amp; Challenges in 2025  - inBeat Agency
200	https://inbeat.agency/blog/what-is-franchise-marketing		https://inbeat.agency/blog/what-is-franchise-marketing	Franchise Marketing: What It Is, How It Works, Best Practices, and More  - inBeat Agency
200	https://inbeat.agency/blog/what-is-growth-agency		https://inbeat.agency/blog/what-is-growth-agency	What Is a Growth Agency and How It Can Help You in 2024  - inBeat Agency
200	https://inbeat.agency/blog/what-is-programmatic-media-buying		https://inbeat.agency/blog/what-is-programmatic-media-buying	Programmatic Media Buying Explained (Without the Hype)  - inBeat Agency
200	https://inbeat.agency/blog/youtube-shorts-statistics		https://inbeat.agency/blog/youtube-shorts-statistics	60 YouTube Shorts Statistics You Need to Know  - inBeat Agency
200	https://inbeat.agency/brand-marketing-agency		https://inbeat.agency/brand-marketing-agency	Brand Marketing Agency
200	https://inbeat.agency/book-a-call		https://inbeat.agency/book-a-call	Book a Call - inBeat Agency
200	https://inbeat.agency/blog/why-is-influencer-marketing-effective		https://inbeat.agency/blog/why-is-influencer-marketing-effective	Why Is Influencer Marketing Effective? Our Agency’s Data-Backed Insights (2024)  - inBeat Agency
200	https://inbeat.agency/brand-strategy-agency		https://inbeat.agency/brand-strategy-agency	Brand strategy agency
200	https://inbeat.agency/branding-identity-agency		https://inbeat.agency/branding-identity-agency	Branding &amp; Identity Agency
200	https://inbeat.agency/case-studies/bluehouse-salmon		https://inbeat.agency/case-studies/bluehouse-salmon	Bluehouse Salmon - inBeat Agency
200	https://inbeat.agency/case-studies		https://inbeat.agency/case-studies	Case Studies | InBeat Agency
200	https://inbeat.agency/case-studies/genomelink		https://inbeat.agency/case-studies/genomelink	Genomelink - inBeat Agency
200	https://inbeat.agency/case-studies/bumble		https://inbeat.agency/case-studies/bumble	Bumble - inBeat Agency
200	https://inbeat.agency/case-studies/greenpark-sports		https://inbeat.agency/case-studies/greenpark-sports	Greenpark Sports - inBeat Agency
200	https://inbeat.agency/case-studies/hopper		https://inbeat.agency/case-studies/hopper	Hopper - inBeat Agency
200	https://inbeat.agency/case-studies/got-milk		https://inbeat.agency/case-studies/got-milk	Got Milk? - inBeat Agency
200	https://inbeat.agency/case-studies/hurom		https://inbeat.agency/case-studies/hurom	Hurom - inBeat Agency
200	https://inbeat.agency/case-studies/native		https://inbeat.agency/case-studies/native	Native - inBeat Agency
200	https://inbeat.agency/case-studies/new-balance		https://inbeat.agency/case-studies/new-balance	New Balance - inBeat Agency
200	https://inbeat.agency/case-studies/nyc-votes		https://inbeat.agency/case-studies/nyc-votes	NYC Votes - inBeat Agency
200	https://inbeat.agency/case-studies/nielsen-iq		https://inbeat.agency/case-studies/nielsen-iq	Nielsen IQ - inBeat Agency
200	https://inbeat.agency/case-studies/nordstrom		https://inbeat.agency/case-studies/nordstrom	Nordstrom - inBeat Agency
200	https://inbeat.agency/case-studies/prose		https://inbeat.agency/case-studies/prose	Prose - inBeat Agency
200	https://inbeat.agency/case-studies/unroll-me		https://inbeat.agency/case-studies/unroll-me	Unroll.me - inBeat Agency
200	https://inbeat.agency/categories/advertising		https://inbeat.agency/categories/advertising	Advertising
200	https://inbeat.agency/case-studies/soylent		https://inbeat.agency/case-studies/soylent	Soylent - inBeat Agency
200	https://inbeat.agency/categories/business-growth		https://inbeat.agency/categories/business-growth	Growth Marketing
200	https://inbeat.agency/categories/b2b-marketing		https://inbeat.agency/categories/b2b-marketing	B2B Marketing
200	https://inbeat.agency/categories/cro-conversion		https://inbeat.agency/categories/cro-conversion	CRO &amp; Conversion
200	https://inbeat.agency/categories/influencer-marketing		https://inbeat.agency/categories/influencer-marketing	Influencer Marketing
200	https://inbeat.agency/categories/digital-marketing		https://inbeat.agency/categories/digital-marketing	Digital Marketing
200	https://inbeat.agency/categories/healthcare-marketing		https://inbeat.agency/categories/healthcare-marketing	Healthcare Marketing
200	https://inbeat.agency/categories/mobile-app-marketing		https://inbeat.agency/categories/mobile-app-marketing	Mobile App Marketing
200	https://inbeat.agency/categories/paid-media		https://inbeat.agency/categories/paid-media	Paid Media
200	https://inbeat.agency/categories/paid-social		https://inbeat.agency/categories/paid-social	Paid Social
200	https://inbeat.agency/categories/performance-creative		https://inbeat.agency/categories/performance-creative	Performance Creative
200	https://inbeat.agency/categories/ppc-and-google-ads		https://inbeat.agency/categories/ppc-and-google-ads	PPC and Google Ads
200	https://inbeat.agency/categories/performance-marketing		https://inbeat.agency/categories/performance-marketing	Performance Marketing
200	https://inbeat.agency/categories/social-media		https://inbeat.agency/categories/social-media	Social Media Marketing
200	https://inbeat.agency/categories/marketing-analytics-data		https://inbeat.agency/categories/marketing-analytics-data	Marketing Analytics &amp; Data
200	https://inbeat.agency/categories/tiktok-marketing		https://inbeat.agency/categories/tiktok-marketing	TikTok Marketing
200	https://inbeat.agency/categories/ugc		https://inbeat.agency/categories/ugc	UGC &amp; Content Creation
200	https://inbeat.agency/categories/video-marketing		https://inbeat.agency/categories/video-marketing	Video Marketing
200	https://inbeat.agency/content-factory		https://inbeat.agency/content-factory	Content Factory - Creative Content Production by inBeat Agency
200	https://inbeat.agency/content-creation-agency		https://inbeat.agency/content-creation-agency	Content Creation Agency
200	https://inbeat.agency/conversion-rate-optimization-agency		https://inbeat.agency/conversion-rate-optimization-agency	CRO Agency
200	https://inbeat.agency/creative-ad-copywriting-services		https://inbeat.agency/creative-ad-copywriting-services	Creative Ad Copywriting Services - inBeat Agency
200	https://inbeat.agency/cpg-marketing-agency		https://inbeat.agency/cpg-marketing-agency	CPG Marketing Agency - inBeat Agency
200	https://inbeat.agency/creative-agency		https://inbeat.agency/creative-agency	Creative Agency
200	https://inbeat.agency/creative-strategy-services		https://inbeat.agency/creative-strategy-services	Creative Strategy Services - inBeat Agency
200	https://inbeat.agency/creator-marketing-agency		https://inbeat.agency/creator-marketing-agency	Creator Marketing Agency for UGC &amp; Influencer Campaigns - inBeat Agency
200	https://inbeat.agency/demand-generation-agency		https://inbeat.agency/demand-generation-agency	Demand Generation Agency - inBeat Agency
200	https://inbeat.agency/email-marketing-agency		https://inbeat.agency/email-marketing-agency	Email Marketing Agency
200	https://inbeat.agency/editorial-policy		https://inbeat.agency/editorial-policy	Editorial Policy | inBeat Agency
200	https://inbeat.agency/dtc-marketing-agency		https://inbeat.agency/dtc-marketing-agency	DTC Marketing Agency - Low CPA, High ROAS - inBeat Agency
200	https://inbeat.agency/fractional-cmo-agency		https://inbeat.agency/fractional-cmo-agency	Fractional CMO Agency
200	https://inbeat.agency/digital-touchpoint-optimization-agency		https://inbeat.agency/digital-touchpoint-optimization-agency	Digital touchpoint optimization agency
200	https://inbeat.agency/financial-marketing-agency		https://inbeat.agency/financial-marketing-agency	Financial Marketing Agency - inBeat Agency
200	https://inbeat.agency/growth-marketing-agency		https://inbeat.agency/growth-marketing-agency	Growth Marketing Agency | InBeat
200	https://inbeat.agency/go-to-market-agency-us		https://inbeat.agency/go-to-market-agency-us	Go-to-market Agency US - inBeat Agency
200	https://inbeat.agency/health-wellness-ugc-agency		https://inbeat.agency/health-wellness-ugc-agency	UGC Agency for Health and Wellness Growth Teams - inBeat Agency
200	https://inbeat.agency/healthcare-marketing-agency		https://inbeat.agency/healthcare-marketing-agency	Healthcare Marketing Agency - inBeat Agency
200	https://inbeat.agency/industries		https://inbeat.agency/industries	Industries | InBeat
200	https://inbeat.agency/influencer-centric-focus-group-agency		https://inbeat.agency/influencer-centric-focus-group-agency	Influencer-Centric Focus Group Agency - inBeat Agency
200	https://inbeat.agency/instagram-influencer-marketing		https://inbeat.agency/instagram-influencer-marketing	Instagram Influencer Marketing Agency - inBeat Agency
200	https://inbeat.agency/lifecycle-marketing-agency		https://inbeat.agency/lifecycle-marketing-agency	Lifecycle Marketing Agency - inBeat Agency
200	https://inbeat.agency/locations		https://inbeat.agency/locations	Locations We Serve - inBeat Agency
200	https://inbeat.agency/linkedin-agency		https://inbeat.agency/linkedin-agency	LinkedIn Agency | InBeat
200	https://inbeat.agency/locations/boston/paid-media-agency		https://inbeat.agency/locations/boston/paid-media-agency	Paid Media Agency in Boston - inBeat Agency
200	https://inbeat.agency/locations/boston/paid-social-agency		https://inbeat.agency/locations/boston/paid-social-agency	Paid Social Agency in Boston - inBeat Agency
200	https://inbeat.agency/locations/chicago		https://inbeat.agency/locations/chicago	Chicago
200	https://inbeat.agency/highschool-advertising		https://inbeat.agency/highschool-advertising	High School Advertising Agency - inBeat Agency
200	https://inbeat.agency/locations/chicago/advertising-agency		https://inbeat.agency/locations/chicago/advertising-agency	Advertising Agency in Chicago - inBeat Agency
200	https://inbeat.agency/locations/chicago/digital-marketing-agency		https://inbeat.agency/locations/chicago/digital-marketing-agency	Digital Marketing Agency in Chicago - inBeat Agency
200	https://inbeat.agency/influencer-marketing-agency		https://inbeat.agency/influencer-marketing-agency	Influencer Marketing for Brand Growth | inBeat
200	https://inbeat.agency/locations/chicago/paid-social-agency		https://inbeat.agency/locations/chicago/paid-social-agency	Paid Social Agency in Chicago - inBeat
200	https://inbeat.agency/locations/chicago/paid-media-agency		https://inbeat.agency/locations/chicago/paid-media-agency	Paid Media Agency in Chicago - inBeat Agency
200	https://inbeat.agency/locations/chicago/performance-marketing-agency		https://inbeat.agency/locations/chicago/performance-marketing-agency	Performance Marketing Agency in Chicago - inBeat
200	https://inbeat.agency/locations/chicago/performance-branding-agency		https://inbeat.agency/locations/chicago/performance-branding-agency	Performance Branding Agency in Chicago - inBeat Agency
200	https://inbeat.agency/locations/chicago/ppc-agency		https://inbeat.agency/locations/chicago/ppc-agency	PPC Agency in Chicago - inBeat Agency
200	https://inbeat.agency/locations/chicago/social-media-agency		https://inbeat.agency/locations/chicago/social-media-agency	Social Media Agency in Chicago - inBeat Agency
200	https://inbeat.agency/locations/chicago/tiktok-shop-agency		https://inbeat.agency/locations/chicago/tiktok-shop-agency	TikTok Shop Agency in Chicago - inBeat Agency
200	https://inbeat.agency/locations/london		https://inbeat.agency/locations/london	London
200	https://inbeat.agency/locations/chicago/ugc-agency		https://inbeat.agency/locations/chicago/ugc-agency	UGC Agency in Chicago - inBeat Agency
200	https://inbeat.agency/locations/london/influencer-marketing		https://inbeat.agency/locations/london/influencer-marketing	Influencer Marketing Agency in London - inBeat Agency
200	https://inbeat.agency/locations/london/paid-media-agency		https://inbeat.agency/locations/london/paid-media-agency	Paid Media Agency in London - inBeat Agency
200	https://inbeat.agency/locations/los-angeles		https://inbeat.agency/locations/los-angeles	Los Angeles - inBeat Agency
200	https://inbeat.agency/locations/london/ugc-agency		https://inbeat.agency/locations/london/ugc-agency	UGC Agency in London - inBeat Agency
200	https://inbeat.agency/locations/los-angeles/advertising-agency		https://inbeat.agency/locations/los-angeles/advertising-agency	Los Angeles Advertising Agency - inBeat Agency
200	https://inbeat.agency/locations/los-angeles/digital-marketing-agency		https://inbeat.agency/locations/los-angeles/digital-marketing-agency	Digital marketing agency in Los Angeles - inBeat Agency
200	https://inbeat.agency/locations/los-angeles/influencer-marketing		https://inbeat.agency/locations/los-angeles/influencer-marketing	Los Angeles Influencer Marketing Agency - inBeat Agency
200	https://inbeat.agency/locations/los-angeles/paid-media-agency		https://inbeat.agency/locations/los-angeles/paid-media-agency	Paid Media Agency in Los Angeles - inBeat Agency
200	https://inbeat.agency/locations/los-angeles/paid-social-agency		https://inbeat.agency/locations/los-angeles/paid-social-agency	Paid Social Agency in Los Angeles - inBeat Agency
200	https://inbeat.agency/locations/los-angeles/performance-agency		https://inbeat.agency/locations/los-angeles/performance-agency	Performance Agency in Los Angeles - inBeat Agency
200	https://inbeat.agency/locations/los-angeles/performance-branding-agency		https://inbeat.agency/locations/los-angeles/performance-branding-agency	LA Performance Branding Agency - inBeat Agency
200	https://inbeat.agency/locations/los-angeles/social-media-agency		https://inbeat.agency/locations/los-angeles/social-media-agency	Social Media Agency for Los Angeles Brands - inBeat Agency
200	https://inbeat.agency/locations/los-angeles/ppc-agency		https://inbeat.agency/locations/los-angeles/ppc-agency	PPC Agency in Los Angeles - inBeat Agency
200	https://inbeat.agency/locations/los-angeles/tiktok-shop-agency		https://inbeat.agency/locations/los-angeles/tiktok-shop-agency	TikTok Shop Agency in Los Angeles - inBeat Agency
200	https://inbeat.agency/locations/los-angeles/user-generated-content-agency		https://inbeat.agency/locations/los-angeles/user-generated-content-agency	User Generated Content Agency in Los Angeles - inBeat Agency
200	https://inbeat.agency/locations/miami		https://inbeat.agency/locations/miami	Miami - InBeat Agency
200	https://inbeat.agency/locations/miami/influencer-marketing		https://inbeat.agency/locations/miami/influencer-marketing	Miami Influencer Marketing Agency - inBeat Agency
200	https://inbeat.agency/locations/miami/paid-social-agency		https://inbeat.agency/locations/miami/paid-social-agency	Paid Social Agency in Miami - inBeat Agency
200	https://inbeat.agency/locations/miami/performance-creative-agency		https://inbeat.agency/locations/miami/performance-creative-agency	Performance Creative Agency in Miami - inBeat Agency
200	https://inbeat.agency/locations/miami/social-media-agency		https://inbeat.agency/locations/miami/social-media-agency	Social Media Agency in Miami - inBeat Agency
200	https://inbeat.agency/locations/miami/ugc-agency		https://inbeat.agency/locations/miami/ugc-agency	UGC Agency in Miami - inBeat Agency
200	https://inbeat.agency/locations/montreal/influencer-marketing		https://inbeat.agency/locations/montreal/influencer-marketing	Influencer Marketing Agency in Montreal - inBeat Agency
200	https://inbeat.agency/locations/montreal		https://inbeat.agency/locations/montreal	Montreal - InBeat Agency
200	https://inbeat.agency/locations/new-york/advertising		https://inbeat.agency/locations/new-york/advertising	NYC Advertising Agency | Paid Social &amp; Search Experts
200	https://inbeat.agency/locations/new-york		https://inbeat.agency/locations/new-york	New York - inBeat Agency
200	https://inbeat.agency/locations/new-york/growth-marketing-agency		https://inbeat.agency/locations/new-york/growth-marketing-agency	Growth Marketing Agency in NYC - inBeat Agency
200	https://inbeat.agency/locations/new-york/digital-marketing		https://inbeat.agency/locations/new-york/digital-marketing	NYC Digital Marketing Agency | Performance-Focused Strategy
200	https://inbeat.agency/locations/new-york/paid-media		https://inbeat.agency/locations/new-york/paid-media	NYC Paid Media Agency | Google &amp; Meta Ads Experts
200	https://inbeat.agency/locations/new-york/paid-social		https://inbeat.agency/locations/new-york/paid-social	Paid Social Agency in NYC | Performance Creative &amp; Media
200	https://inbeat.agency/locations/new-york/influencer-marketing		https://inbeat.agency/locations/new-york/influencer-marketing	New York Influencer Marketing Agency - inBeat Agency
200	https://inbeat.agency/locations/new-york/performance-branding		https://inbeat.agency/locations/new-york/performance-branding	Performance Branding Agency in NYC | inBeat Agency
200	https://inbeat.agency/locations/new-york/performance-creative-agency		https://inbeat.agency/locations/new-york/performance-creative-agency	Performance Creative Agency in NYC - inBeat Agency
200	https://inbeat.agency/locations/new-york/ppc-agency		https://inbeat.agency/locations/new-york/ppc-agency	PPC Agency in New York | inBeat Agency
200	https://inbeat.agency/locations/new-york/social-media		https://inbeat.agency/locations/new-york/social-media	New York Social Media Agency | Organic &amp; Paid Performance
200	https://inbeat.agency/locations/new-york/ugc-agency		https://inbeat.agency/locations/new-york/ugc-agency	NYC UGC Agency | High-Performance Creator Content
200	https://inbeat.agency/locations/paris		https://inbeat.agency/locations/paris	Paris
200	https://inbeat.agency/locations/paris/influencer-marketing		https://inbeat.agency/locations/paris/influencer-marketing	Influencer Marketing Agency in Paris - inBeat Agency
200	https://inbeat.agency/locations/paris/tiktok-marketing		https://inbeat.agency/locations/paris/tiktok-marketing	TikTok Marketing Agency in Paris - inBeat Agency
200	https://inbeat.agency/locations/singapore		https://inbeat.agency/locations/singapore	Singapore
200	https://inbeat.agency/locations/paris/mobile-marketing		https://inbeat.agency/locations/paris/mobile-marketing	Mobile Marketing Agency in Paris - inBeat Agency
200	https://inbeat.agency/locations/singapore/influencer-marketing		https://inbeat.agency/locations/singapore/influencer-marketing	Influencer Marketing Agency in Singapore - inBeat Agency
200	https://inbeat.agency/marketing-automation-agency		https://inbeat.agency/marketing-automation-agency	Marketing Automation Agency | inBeat Agency
200	https://inbeat.agency/locations/toronto		https://inbeat.agency/locations/toronto	Toronto - InBeat Agency
200	https://inbeat.agency/locations/toronto/influencer-marketing		https://inbeat.agency/locations/toronto/influencer-marketing	Influencer Marketing Agency in Toronto - inBeat Agency
200	https://inbeat.agency/macro-influencer-marketing-agency		https://inbeat.agency/macro-influencer-marketing-agency	Macro Influencer Marketing Agency - inBeat Agency
200	https://inbeat.agency/meta-advertising-agency		https://inbeat.agency/meta-advertising-agency	Meta Advertising Agency - inBeat Agency
200	https://inbeat.agency/marketing-measurement-agency		https://inbeat.agency/marketing-measurement-agency	Marketing Measurement Agency
200	https://inbeat.agency/micro-influencer-agency		https://inbeat.agency/micro-influencer-agency	Performance Micro Influencer Agency - inBeat
200	https://inbeat.agency/methodology		https://inbeat.agency/methodology	Ranking Methodology | inBeat Agency
200	https://inbeat.agency/mid-tier-influencer-marketing-agency		https://inbeat.agency/mid-tier-influencer-marketing-agency	Mid-tier Influencer Marketing Agency - inBeat Agency
200	https://inbeat.agency/nano-influencer-marketing-agency		https://inbeat.agency/nano-influencer-marketing-agency	Nano-Influencer Marketing Agency - inBeat Agency
200	https://inbeat.agency/our-work		https://inbeat.agency/our-work	Our Work
200	https://inbeat.agency/office-information		https://inbeat.agency/office-information	Office Information
200	https://inbeat.agency/paid-media-account-audit-services		https://inbeat.agency/paid-media-account-audit-services	Paid Media Account Audit Services - inBeat Agency
200	https://inbeat.agency/paid-media-agency		https://inbeat.agency/paid-media-agency	Paid Media Agency for ROI - inBeat Agency
301	https://inbeat.agency/paid-social-agency	https://inbeat.agency/services		301 Moved Permanently
200	https://inbeat.agency/panel-recruitment-services		https://inbeat.agency/panel-recruitment-services	Global Panel Recruitment Services - inBeat Agency
200	https://inbeat.agency/performance-creative-agency		https://inbeat.agency/performance-creative-agency	Social-First Performance Creative Agency | inBeat
200	https://inbeat.agency/ppc-ads-optimization-services		https://inbeat.agency/ppc-ads-optimization-services	PPC Ads Optimization Services - inBeat Agency
200	https://inbeat.agency/mobile-marketing-agency		https://inbeat.agency/mobile-marketing-agency	Mobile Marketing Agency - inBeat Agency
200	https://inbeat.agency/privacy-policy		https://inbeat.agency/privacy-policy	Privacy Policy | InBeat
200	https://inbeat.agency/product-sampling-agency		https://inbeat.agency/product-sampling-agency	Product Sampling Agency - inBeat Agency
200	https://inbeat.agency/qsr-marketing-agency		https://inbeat.agency/qsr-marketing-agency	QSR Marketing Agency - inBeat Agency
200	https://inbeat.agency/services		https://inbeat.agency/services	Influencer Marketing Services - inBeat Agency
200	https://inbeat.agency/performance-branding		https://inbeat.agency/performance-branding	Performance Branding Agency | InBeat
200	https://inbeat.agency/pay-per-click-agency		https://inbeat.agency/pay-per-click-agency	Pay Per Click Agency
200	https://inbeat.agency/snapchat-advertising-agency		https://inbeat.agency/snapchat-advertising-agency	Snapchat Advertising Agency - inBeat Agency
200	https://inbeat.agency/social-media-advertising-agency		https://inbeat.agency/social-media-advertising-agency	Social Media Advertising Agency
200	https://inbeat.agency/territories/brazil		https://inbeat.agency/territories/brazil	Brazil
200	https://inbeat.agency/territories/brazil/mobile-marketing		https://inbeat.agency/territories/brazil/mobile-marketing	Mobile Marketing Agency in Brazil - inBeat Agency
200	https://inbeat.agency/territories		https://inbeat.agency/territories	Territories
200	https://inbeat.agency/territories/canada		https://inbeat.agency/territories/canada	Canada
200	https://inbeat.agency/territories/france		https://inbeat.agency/territories/france	France
200	https://inbeat.agency/territories/indonesia		https://inbeat.agency/territories/indonesia	Indonesia
200	https://inbeat.agency/territories/canada/mobile-marketing		https://inbeat.agency/territories/canada/mobile-marketing	Mobile Marketing Canada - inBeat Agency
200	https://inbeat.agency/territories/indonesia/influencer-marketing		https://inbeat.agency/territories/indonesia/influencer-marketing	Influencer Marketing Agency in Indonesia - InBeat Agency
200	https://inbeat.agency/territories/france/influencer-marketing		https://inbeat.agency/territories/france/influencer-marketing	Influencer Marketing Agency in France - InBeat Agency
200	https://inbeat.agency/territories/mexico/mobile-marketing		https://inbeat.agency/territories/mexico/mobile-marketing	Mobile Marketing Agency in Mexico - inBeat Agency
200	https://inbeat.agency/territories/uk		https://inbeat.agency/territories/uk	The United Kingdom
200	https://inbeat.agency/territories/uk/mobile-marketing		https://inbeat.agency/territories/uk/mobile-marketing	Mobile Marketing Agency in the United Kingdom - inBeat Agency
200	https://inbeat.agency/territories/uk/tiktok-marketing		https://inbeat.agency/territories/uk/tiktok-marketing	TikTok Marketing Agency in the UK - inBeat Agency
200	https://inbeat.agency/tiktok-advertising-agency		https://inbeat.agency/tiktok-advertising-agency	TikTok Advertising Agency - inBeat Agency
200	https://inbeat.agency/territories/mexico		https://inbeat.agency/territories/mexico	Mexico
200	https://inbeat.agency/tiktok-marketing-agency		https://inbeat.agency/tiktok-marketing-agency	Performance TikTok Marketing Agency - inBeat Agency
200	https://inbeat.agency/tiktok-shop-agency		https://inbeat.agency/tiktok-shop-agency	TikTok Shop Agency
200	https://inbeat.agency/ugc-agency		https://inbeat.agency/ugc-agency	UGC Agency for Performance Ads | Meta &amp; TikTok | inBeat
200	https://inbeat.agency/user-acquisition-agency		https://inbeat.agency/user-acquisition-agency	User Acquisition Agency | InBeat
200	https://inbeat.agency/verified-email-domains		https://inbeat.agency/verified-email-domains	Verified Email Domains
200	https://inbeat.agency/white-label		https://inbeat.agency/white-label	White Label - inBeat Agency
200	https://inbeat.agency/territories/uk/influencer-marketing		https://inbeat.agency/territories/uk/influencer-marketing	Influencer Marketing Agency in the UK - inBeat Agency
